{"cameraMode":{"drawMode":0,"name":"Shaded","section":"Shading Mode"},"sceneLighting":true,"audioPlay":false,"sceneViewState":{"m_AlwaysRefresh":false,"showFog":true,"showSkybox":true,"showFlares":true,"showImageEffects":true,"showParticleSystems":true,"showVisualEffectGraphs":true,"m_FxEnabled":true},"in2DMode":false,"pivot":{"x":17.88287925720215,"y":2.617992401123047,"z":1.3303378820419312},"rotation":{"x":-0.13043545186519624,"y":-0.005357977002859116,"z":0.0007020372431725264,"w":-0.9914470314979553},"size":8.437923431396485,"orthographic":false}